{"val_acc": [0.17200000005960464, 0.2839999997615814, 0.644, 0.7300000004768371, 0.708, 0.7199999995231628, 0.7460000004768371, 0.7580000009536744, 0.7300000009536743, 0.7320000009536743, 0.736, 0.7339999995231629, 0.75, 0.746, 0.738, 0.7459999995231629, 0.738, 0.716, 0.742, 0.7379999990463257, 0.7240000004768372, 0.7339999995231629, 0.7559999995231629, 0.7260000004768371, 0.7680000009536743, 0.7380000004768371, 0.7239999995231629, 0.7360000004768371, 0.7239999990463257, 0.768, 0.7619999995231629, 0.7279999990463257, 0.744, 0.7720000004768371, 0.754, 0.7460000004768371, 0.7239999990463257, 0.74, 0.7400000004768371, 0.7339999990463257, 0.752, 0.738, 0.7480000004768371, 0.7600000004768371, 0.7640000004768371, 0.7360000009536743, 0.746, 0.7499999995231629, 0.7620000004768371, 0.7620000004768371, 0.7360000009536743, 0.7759999995231628, 0.722, 0.7180000009536743, 0.7600000004768371, 0.7380000004768371, 0.7240000009536743, 0.748, 0.7460000009536744, 0.7799999990463257, 0.7699999995231629, 0.7320000009536743, 0.7580000009536744, 0.7340000004768371, 0.7620000004768371, 0.7260000009536743, 0.7680000009536743, 0.74, 0.7420000004768371, 0.7559999995231629, 0.7620000004768371, 0.7420000004768371, 0.7640000009536743, 0.7520000004768371, 0.7559999995231629, 0.7660000009536743, 0.7680000009536743, 0.7760000004768371, 0.752, 0.7620000009536743, 0.7600000004768371, 0.7740000004768371, 0.7379999995231629, 0.7280000004768371, 0.7459999990463256, 0.764, 0.7499999995231629, 0.7500000009536744, 0.7459999990463256, 0.7320000004768371, 0.742, 0.7620000009536743, 0.7800000004768372, 0.7659999995231629, 0.7620000004768371, 0.7500000009536744, 0.7760000009536743, 0.732, 0.728, 0.7700000009536743], "val_loss": [1.8312215967178345, 1.8229773263931275, 1.215587769508362, 0.9823754601478577, 0.9907339458465576, 0.9353731546401978, 0.9029267845153809, 0.859464674949646, 0.8747453446388245, 0.9224802932739258, 0.9055193166732788, 0.8865323944091796, 0.9079596080780029, 0.8894218239784241, 0.8908379273414612, 0.8663860492706299, 0.851092308998108, 0.9199546751976013, 0.8210167398452759, 0.8671015920639038, 0.882073233127594, 0.8666893610954285, 0.8501551737785339, 0.8887908205986023, 0.8092167778015137, 0.8706124305725098, 0.9011459832191467, 0.888301441192627, 0.9356605253219604, 0.8025289249420166, 0.8573074016571045, 0.9167618246078492, 0.8328662905693054, 0.8009596195220947, 0.8505789666175843, 0.8759975709915161, 0.8827676849365235, 0.8653270416259765, 0.8511677145957947, 0.8394602046012879, 0.8572739915847778, 0.839929741859436, 0.8632575044631958, 0.8097162432670594, 0.8610590310096741, 0.8567890787124633, 0.8347375960350036, 0.8309366950988769, 0.8612442898750305, 0.8202042284011841, 0.8447488985061645, 0.7954758262634277, 0.9130475783348083, 0.8956632208824158, 0.8332470288276672, 0.8521137914657593, 0.8951410036087036, 0.8399891667366027, 0.8835072073936462, 0.8257425847053528, 0.8379210114479065, 0.8698210644721985, 0.8411784510612488, 0.8736185984611511, 0.8241752343177795, 0.8476324543952942, 0.7951002879142761, 0.8355201091766358, 0.8538910574913025, 0.8334035229682922, 0.8199348535537719, 0.8722840924263, 0.8484004139900208, 0.837595145702362, 0.8365204887390136, 0.831683235168457, 0.8052692651748657, 0.8203506941795349, 0.8039967093467713, 0.8054294562339783, 0.8344021706581116, 0.8069669394493103, 0.8378271932601928, 0.8714422087669372, 0.864173987865448, 0.8178141198158264, 0.8301508641242981, 0.8665912375450134, 0.8562966656684875, 0.8771087942123413, 0.8411254291534423, 0.8181855173110962, 0.8085153403282166, 0.8374678492546082, 0.8092427558898926, 0.8391499290466309, 0.7986661949157715, 0.8514809184074402, 0.8963955907821656, 0.8367893481254578], "loss": [1.9307562880265086, 1.8071955390227468, 1.5570899126153244, 1.2595529857434724, 1.1584892561561182, 1.1288455893867895, 1.1044755168212088, 1.09042441656715, 1.0727065009066934, 1.0680406479584543, 1.051447813234831, 1.051005339170757, 1.037906883490713, 1.0388181197768764, 1.026380555228183, 1.032730102413579, 1.0380150447895653, 1.0348472438611482, 1.0360736218502646, 1.0275521861126549, 1.0259750915075603, 1.0374224536795364, 1.0265347025519924, 1.0315772643842196, 1.0324989751514635, 1.0361656268772326, 1.0255875187924033, 1.0262825880552593, 1.0034383365480524, 1.016654002942537, 1.018702117668955, 1.041326252435383, 1.0239903650785747, 1.0263705723411158, 1.028480040876489, 1.0185647039413452, 1.0213174470098396, 1.0341822366212543, 1.0194945632533023, 1.0163332278603001, 1.0199373941923442, 1.0162390247646131, 1.0218757275029233, 1.0185519702560024, 1.0222415040166755, 1.0165084653151664, 1.026466821846209, 1.0170351243772005, 1.0046281124667118, 1.01582669559278, 1.023860988165203, 1.0135138907432557, 1.023644386191117, 1.0250770752555445, 1.0205828113053974, 1.0076033342010096, 1.0172594850439773, 1.0118719035198813, 1.0271274352324635, 1.0125036656731052, 1.018675096009907, 1.0117808080472444, 1.0197186277791073, 1.0193917532720065, 1.0117422651742634, 1.0162932030527214, 1.0135371581629702, 1.0154469580148395, 1.0256238267296238, 1.0281350008813959, 1.0175672881979692, 1.0180633469631797, 1.0135939816424722, 1.012901460572293, 1.0225426705510994, 1.0153000068162616, 1.0080386604509854, 1.0228776454925537, 1.0102698298504478, 1.016214462481047, 1.0031944363242702, 1.019583940706755, 1.0175728833047968, 1.0113597512998078, 1.0193274323563826, 1.0342681261865716, 1.0195412339160317, 1.0203452717128554, 1.0245736358040258, 1.0090001151436254, 1.0112154981713546, 1.0123145695234599, 1.017427518392864, 1.0147363549282675, 1.018068851320367, 1.023637431169811, 1.0179200552388241, 1.0250933047846744, 1.0191721903650384, 1.010650669198287], "acc": [0.16526315788218848, 0.21157894736842106, 0.4950526315036573, 0.6473684209773415, 0.6636842105514125, 0.6732631578696402, 0.6763157895238776, 0.6827368421303599, 0.6834736841352362, 0.6874736841854296, 0.6885263157141837, 0.6837894736340171, 0.6918947369173953, 0.6933684210024382, 0.6930526315036573, 0.6968421052631579, 0.6865263158647638, 0.6896842104510257, 0.6933684210275349, 0.6909473683959559, 0.6961052630826047, 0.688526315764377, 0.6961052632080881, 0.6903157893983941, 0.6918947367668152, 0.6906315788971751, 0.6964210526566756, 0.6941052631327981, 0.6995789474186145, 0.7024210526064822, 0.6977894736591138, 0.6919999999749034, 0.6947368421303598, 0.6985263158145704, 0.6967368421805532, 0.6983157895489743, 0.700947368395956, 0.6941052632080881, 0.6970526315036573, 0.6956842106016059, 0.6955789473684211, 0.6945263157894737, 0.6906315788720784, 0.6918947368421052, 0.6917894736591138, 0.6918947368170085, 0.6951578947117454, 0.6915789474437112, 0.7083157893983941, 0.7009473683457625, 0.6944210526315789, 0.6991578946866487, 0.7012631578445434, 0.7008421053133512, 0.6938947368922986, 0.7024210526817724, 0.6964210526817723, 0.6968421053384479, 0.6874736842230746, 0.7002105262404994, 0.699157894661552, 0.7010526315538507, 0.6950526315538507, 0.6974736841352362, 0.6996842105765092, 0.6992631579198335, 0.6988421051878678, 0.6978947368421052, 0.6964210525562888, 0.695473684160333, 0.6994736841352363, 0.7007368420801665, 0.6978947367668152, 0.7030526316542375, 0.7008421052380612, 0.6961052630826047, 0.7019999999498067, 0.7025263157894737, 0.7071578947368421, 0.6994736841352363, 0.7010526316040441, 0.6941052631327981, 0.7000000000752901, 0.7011578947368421, 0.6947368421052632, 0.6958947367668152, 0.6948421052882546, 0.6903157894736842, 0.692947368471246, 0.6976842106016059, 0.7027368420299731, 0.6989473683457625, 0.6953684209773415, 0.6915789473182277, 0.6943157894987809, 0.6924210526315789, 0.6986315789473684, 0.6921052632080881, 0.6904210526315789, 0.7006315789975618]}