{
  "val_loss": [
    3.2407635669708252,
    2.4308887672424317,
    2.1321790103912353,
    2.0001104888916017,
    1.898197187423706,
    1.8830691299438476,
    1.8102236270904541,
    1.7879252996444701,
    1.7656167736053467,
    1.7631112594604492,
    1.7448784618377686,
    1.746711579322815,
    1.7099463844299316,
    1.7214747457504271,
    1.7042735595703125,
    1.7032922525405885,
    1.7146585626602173,
    1.6877712907791138,
    1.734635347366333,
    1.7145240926742553,
    1.7651526536941529,
    1.715348614692688,
    1.753104787826538,
    1.7364851541519164,
    1.7439383401870727,
    1.7759610996246338,
    1.7242618703842163,
    1.735944709777832,
    1.7424444818496705,
    1.7597084646224976,
    1.7621376943588256,
    1.8146937818527222,
    1.8275196933746338,
    1.882747226715088,
    1.857654941558838,
    1.9035060844421388,
    1.9970617580413819,
    2.0027655506134034,
    2.0719251766204834,
    2.1809824504852293,
    2.220412326812744,
    2.314300651550293,
    2.3879700756072997,
    2.4663620777130126,
    2.5845174827575685,
    2.644795421600342,
    2.791713617324829,
    2.925734317779541,
    2.948962511062622,
    3.0596558780670167,
    3.237712755203247,
    3.3335547924041746,
    3.577249137878418,
    3.5492397594451903,
    3.628981979370117,
    3.869426212310791,
    3.8751825103759767,
    3.933327857971191,
    4.015040760040283,
    4.07888740158081,
    4.104047485351563,
    4.205221061706543,
    4.208203090667725,
    4.261725639343262,
    4.273535961151123,
    4.373481086730957,
    4.3660708503723145,
    4.4165509376525875,
    4.482448608398437,
    4.55792158126831,
    4.577147006988525,
    4.593666217803955,
    4.661490100860596,
    4.650217044830322,
    4.631426292419434,
    4.660923133850098,
    4.591916450500488,
    4.696759677886963,
    4.713118324279785,
    4.625098617553711,
    4.693181846618653,
    4.683488258361816,
    4.738941696166992,
    4.778137348175049,
    4.704677864074707,
    4.671389598846435,
    4.640724426269531,
    4.693298282623291,
    4.779879875183106,
    4.675350997924805,
    4.733797214508057,
    4.701014251708984,
    4.8485885391235355,
    4.831957778930664,
    4.870389518737793,
    4.814772373199463,
    4.863190311431885,
    4.811318374633789,
    4.901587566375732,
    4.87369147491455
  ],
  "val_acc": [
    0.204,
    0.21600000071525574,
    0.2219999989271164,
    0.24799999916553497,
    0.23199999964237214,
    0.25999999737739565,
    0.2719999976158142,
    0.29200000131130216,
    0.3199999989271164,
    0.2740000002384186,
    0.29399999892711637,
    0.32599999737739566,
    0.35799999713897707,
    0.36599999928474425,
    0.34199999952316285,
    0.36000000190734865,
    0.33400000190734863,
    0.371999997138977,
    0.34800000190734864,
    0.34799999713897706,
    0.3379999973773956,
    0.37199999928474425,
    0.34399999952316285,
    0.35799999952316286,
    0.35399999952316286,
    0.3459999973773956,
    0.3819999966621399,
    0.3820000014305115,
    0.3899999988079071,
    0.3800000033378601,
    0.3920000009536743,
    0.3839999966621399,
    0.37600000119209287,
    0.3819999966621399,
    0.3779999988079071,
    0.3700000033378601,
    0.3720000014305115,
    0.3720000011920929,
    0.36199999928474424,
    0.35999999690055845,
    0.3820000014305115,
    0.3779999995231628,
    0.3900000014305115,
    0.3780000014305115,
    0.35800000143051147,
    0.37800000166893005,
    0.36399999713897707,
    0.3679999990463257,
    0.3879999966621399,
    0.35799999928474424,
    0.36599999928474425,
    0.3659999971389771,
    0.36000000166893004,
    0.35800000166893003,
    0.36999999690055846,
    0.35599999952316286,
    0.34199999952316285,
    0.37199999690055846,
    0.35800000166893003,
    0.3459999969005585,
    0.35000000166893,
    0.3599999966621399,
    0.3499999969005585,
    0.3479999992847443,
    0.35599999928474424,
    0.34599999713897706,
    0.36199999928474424,
    0.3379999969005585,
    0.33799999713897705,
    0.3600000014305115,
    0.3259999997615814,
    0.33600000190734863,
    0.3420000016689301,
    0.3319999992847443,
    0.3419999997615814,
    0.33599999952316284,
    0.3480000016689301,
    0.35799999928474424,
    0.34400000143051146,
    0.3579999990463257,
    0.34200000143051146,
    0.33600000166893007,
    0.3380000016689301,
    0.3379999969005585,
    0.35200000143051147,
    0.34200000190734864,
    0.3440000016689301,
    0.35999999690055845,
    0.3419999973773956,
    0.33200000190734863,
    0.33799999713897705,
    0.34400000190734864,
    0.3499999992847443,
    0.37200000166893005,
    0.35400000143051147,
    0.33800000143051145,
    0.3460000016689301,
    0.36999999928474425,
    0.33400000190734863,
    0.3459999969005585
  ],
  "acc": [
    0.1704210526409902,
    0.18842105265667564,
    0.20968421053886413,
    0.23115789474939044,
    0.25494736842105264,
    0.2723157894799584,
    0.28663157898501346,
    0.3059999999749033,
    0.3155789473809694,
    0.3210526315852215,
    0.33315789474939045,
    0.3536842105137674,
    0.37210526313279807,
    0.3828421052631579,
    0.3883157894736842,
    0.39873684210526317,
    0.40463157898501345,
    0.40768421055141246,
    0.41778947370930725,
    0.425578947330776,
    0.42978947369675885,
    0.43621052630324114,
    0.44831578943603917,
    0.45589473686720194,
    0.4711578947619388,
    0.48547368418542963,
    0.49136842101498657,
    0.5030526315914957,
    0.5196842104510258,
    0.5288421052694321,
    0.5351578947493905,
    0.5566315790226585,
    0.5636842106016059,
    0.5741052631077014,
    0.5929473683708593,
    0.603157894661552,
    0.6142105263157894,
    0.6333684211279217,
    0.6450526315914957,
    0.6677894737093072,
    0.6842105262906928,
    0.7104210526817724,
    0.7372631578194467,
    0.7551578946866487,
    0.7785263158647637,
    0.8026315790226585,
    0.8208421053133513,
    0.8443157895489742,
    0.8551578947117454,
    0.8755789473182277,
    0.8866315789222717,
    0.8982105263408862,
    0.9117894737344039,
    0.9251578947368421,
    0.9301052631578948,
    0.9400000000501934,
    0.9492631578947368,
    0.955578947293131,
    0.9602105263659828,
    0.9660000000501934,
    0.968526315764377,
    0.9728421051878678,
    0.9723157895238776,
    0.980947368471246,
    0.9763157894736842,
    0.9822105263659828,
    0.985368421102825,
    0.9872631578947368,
    0.9878947368421053,
    0.9896842105765091,
    0.988421052631579,
    0.9905263157894737,
    0.992,
    0.9914736842105263,
    0.9931578947368421,
    0.9921052632080881,
    0.9900000000501934,
    0.9876842105263158,
    0.9941052631578947,
    0.9951578947368421,
    0.9964210526817723,
    0.9961052630826046,
    0.9933684210526316,
    0.996,
    0.9971578947368421,
    0.9967368421052631,
    0.9973684210526316,
    0.9970526315789474,
    0.9967368421052631,
    0.997578947368421,
    0.9954736842105263,
    0.9953684210526316,
    0.9949473684210526,
    0.9950526315789474,
    0.993578947368421,
    0.9943157895238776,
    0.9945263157894737,
    0.9949473684210526,
    0.9952631578947368,
    0.9957894736842106
  ],