{"val_acc": [0.1740000001192093, 0.202, 0.2880000001192093, 0.282, 0.32, 0.3020000000298023, 0.3579999997615814, 0.31400000023841856, 0.2960000002384186, 0.332, 0.32200000023841857, 0.32800000011920927, 0.3459999997615814, 0.34400000047683715, 0.32600000011920927, 0.344, 0.33400000047683714, 0.3180000001192093, 0.31599999976158144, 0.33, 0.3280000002384186, 0.3359999997615814, 0.3440000002384186, 0.378, 0.2999999997615814, 0.3479999997615814, 0.3259999997615814, 0.34000000047683715, 0.33, 0.3579999997615814, 0.3380000000596046, 0.316, 0.32200000011920926, 0.32600000011920927, 0.34400000047683715, 0.34400000047683715, 0.32, 0.3359999997615814, 0.32000000047683713, 0.2879999997615814, 0.34200000047683715, 0.3499999997615814, 0.3540000002384186, 0.3440000002384186, 0.3500000002384186, 0.34000000047683715, 0.3400000002384186, 0.32, 0.3119999995231628, 0.33600000047683715, 0.34199999952316285, 0.346, 0.32399999976158145, 0.3379999997615814, 0.33800000047683715, 0.32400000047683714, 0.34, 0.3360000002384186, 0.3080000001192093, 0.3379999997615814, 0.33, 0.3500000002384186, 0.33800000047683715, 0.326, 0.34600000047683716, 0.30399999976158143, 0.33800000047683715, 0.34, 0.33200000011920927, 0.36799999976158143, 0.31399999976158144, 0.33000000047683714, 0.3180000001192093, 0.32400000005960466, 0.33, 0.32000000047683713, 0.356, 0.35800000047683717, 0.3080000004768372, 0.3399999997615814, 0.34600000047683716, 0.3560000001192093, 0.336, 0.346, 0.328, 0.32800000011920927, 0.342, 0.314, 0.3319999997615814, 0.34, 0.3020000001192093, 0.31799999976158144, 0.3180000004768372, 0.3560000002384186, 0.32000000047683713, 0.334, 0.31, 0.3260000002384186, 0.3440000002384186, 0.3360000001192093], "acc": [0.16915789475566462, 0.17589473684210527, 0.2697894736967589, 0.32463157897246514, 0.346, 0.3476842104761224, 0.3542105263157895, 0.35273684209271483, 0.3535789473809694, 0.3514736841854296, 0.3597894737093072, 0.356, 0.35589473686720197, 0.3593684210400832, 0.35368421048867077, 0.35684210525060955, 0.35726315789473684, 0.358947368433601, 0.3541052631704431, 0.3590526315538507, 0.35831578948623255, 0.3604210526315789, 0.3606315789724651, 0.35894736844614933, 0.35452631579574784, 0.3556842105137674, 0.35799999998745163, 0.3524210526566756, 0.3589473684210526, 0.3618947368044602, 0.3531578947117454, 0.35378947368421054, 0.35968421053259, 0.35652631579574784, 0.35663157893482006, 0.358421052631579, 0.36021052630324113, 0.35736842107772826, 0.3538947368797503, 0.3560000000250967, 0.35357894736842105, 0.359578947330776, 0.3591578947619388, 0.3607368420801665, 0.3601052631829914, 0.3569473684085043, 0.3592631579072852, 0.3591578947619388, 0.35757894731822765, 0.35842105266922397, 0.35799999998745163, 0.3550526315977699, 0.3586315789724651, 0.36073684209271484, 0.358947368433601, 0.35810526319553976, 0.3566315789222717, 0.3527368421052632, 0.3593684210275349, 0.36357894736842106, 0.35589473686720197, 0.3603157894987809, 0.35252631575182863, 0.3573684210902766, 0.3618947368044602, 0.3604210525939339, 0.359473684197978, 0.3590526316165924, 0.355999999962355, 0.35947368422934883, 0.3555789474060661, 0.3544210526190306, 0.3562105263408862, 0.3568421052882546, 0.35378947370930725, 0.3531578947619388, 0.36894736839595593, 0.35821052635343453, 0.3595789474060661, 0.3641052631829914, 0.3606315789222717, 0.3633684210400832, 0.3562105262906928, 0.36200000003764504, 0.36421052630324113, 0.35894736842732683, 0.36210526319553976, 0.3624210526315789, 0.36242105270686903, 0.35642105266922397, 0.35726315786964014, 0.3492631578821885, 0.3518947368295569, 0.36189473684210527, 0.3595789473746952, 0.3569473684273268, 0.35789473681700856, 0.35936842107772826, 0.35642105266922397, 0.36136842107772826], "val_loss": [1.8052123136520386, 1.8278034420013427, 1.7446976261138916, 1.692432134628296, 1.6443123235702515, 1.6391078691482543, 1.593944169998169, 1.6235737352371216, 1.6327321910858155, 1.6306264295578003, 1.6406876831054686, 1.627879041671753, 1.5990087490081788, 1.6311120138168336, 1.5977856035232545, 1.5885473680496216, 1.59630104637146, 1.5891974096298218, 1.5953165702819825, 1.613217589378357, 1.608182502746582, 1.5620845746994019, 1.5853998374938965, 1.5735623559951781, 1.627268141746521, 1.5912106761932372, 1.611655119895935, 1.5728758249282837, 1.620254179954529, 1.5607240991592408, 1.5991725206375123, 1.5929215097427367, 1.600372589111328, 1.587355834007263, 1.608554677963257, 1.5941247596740722, 1.6130223054885864, 1.5882218971252442, 1.6279213161468506, 1.6393042697906495, 1.6055161247253418, 1.5907830324172973, 1.5874425706863404, 1.5713202505111694, 1.613905863761902, 1.6091555423736572, 1.5905626888275146, 1.6009882516860963, 1.6213693704605103, 1.5941911487579346, 1.5845932292938232, 1.5877897844314575, 1.5744531545639038, 1.582646367073059, 1.5729358167648315, 1.5995786991119385, 1.5638727989196777, 1.5746686887741088, 1.6258481903076172, 1.5919140672683716, 1.6038727617263795, 1.5852539014816285, 1.596581449508667, 1.5829481077194214, 1.5997852611541747, 1.602000542640686, 1.606635048866272, 1.60313059425354, 1.5935149164199829, 1.5728045749664306, 1.6157663640975952, 1.5845747003555297, 1.5849784145355224, 1.5831210918426513, 1.577887435913086, 1.594597207069397, 1.6067593975067138, 1.5606239404678344, 1.6334179334640504, 1.5978551778793335, 1.5876728048324584, 1.5800088453292847, 1.5938219232559203, 1.5915798139572144, 1.5966819858551025, 1.5945960569381714, 1.59140500831604, 1.6316435470581054, 1.6040839958190918, 1.5941537399291992, 1.615524703025818, 1.6117057151794434, 1.615293643951416, 1.6221916971206665, 1.6107685737609863, 1.5742077779769899, 1.6276892261505127, 1.6079023342132568, 1.560310404777527, 1.5975797519683839], "loss": [1.9166335431651065, 1.8133058566545186, 1.7784434977581627, 1.7008801238913285, 1.6536104128988165, 1.6405653469186081, 1.6137150785546555, 1.6137866615998118, 1.6068892660642926, 1.6049119200455515, 1.5975151779777126, 1.5952216415907208, 1.6025217027664185, 1.5926043046650133, 1.5930772970099198, 1.593392940872594, 1.5873544157931678, 1.586567809958207, 1.5918577211279619, 1.586909020122729, 1.593979916321604, 1.585282094654284, 1.5929869065535696, 1.5886373186613385, 1.5912047308369688, 1.5944266109466552, 1.5864150993949488, 1.5865132238990383, 1.5928519782518085, 1.5910968060242503, 1.5884808700461137, 1.589625596598575, 1.5879280961187263, 1.5922335409365203, 1.596470764762477, 1.5894054492147345, 1.587840307285911, 1.585997090640821, 1.5891558778662431, 1.5899092570856999, 1.591821322190134, 1.5797280814020258, 1.5854549583635833, 1.5888670604605424, 1.5902148659354762, 1.5874558919103523, 1.5789236973210385, 1.5873799560446489, 1.5877926742654098, 1.5852347482882048, 1.5908577879855508, 1.5839311608264321, 1.581275176198859, 1.589274975324932, 1.585323174677397, 1.579397401759499, 1.5821514659178884, 1.5896570272947612, 1.5819480664102654, 1.5777621128182662, 1.5831390526922127, 1.5889134880869011, 1.5965458314293308, 1.5861762679250617, 1.5878536089345028, 1.5829965581893921, 1.5828470436899285, 1.5804693311892057, 1.587707873043261, 1.5891279004247565, 1.5897386228661787, 1.5859551701294747, 1.5847221558219509, 1.5847074759131983, 1.590275030085915, 1.5852877295142727, 1.5824564383657356, 1.5886478903921026, 1.5819176225160299, 1.5810008109243292, 1.5837793601688586, 1.5840968147578993, 1.5879463848314788, 1.5831635011371814, 1.5807791370090685, 1.5832707849803724, 1.5817857549566972, 1.5857279521540593, 1.5812217415257503, 1.58395475161703, 1.5823298077332346, 1.585102692353098, 1.592279324631942, 1.5902536818855688, 1.5867370990452014, 1.587555289318687, 1.5835923353998285, 1.5825031885849803, 1.583409250610753, 1.5841551349539507]}