{"val_acc": [0.15999999988079072, 0.17399999916553496, 0.17599999916553496, 0.1579999988079071, 0.1579999988079071, 0.1579999988079071, 0.1579999988079071, 0.1579999988079071, 0.17599999916553496, 0.1579999988079071, 0.16800000023841857, 0.16800000023841857, 0.1579999988079071, 0.16599999833106996, 0.1579999988079071, 0.1579999988079071, 0.17599999916553496, 0.16800000023841857, 0.16800000023841857, 0.1579999988079071, 0.1579999988079071, 0.1579999988079071, 0.16800000023841857, 0.1579999988079071, 0.16800000023841857, 0.17599999916553496, 0.17599999916553496, 0.1579999988079071, 0.1579999988079071, 0.16200000077486038, 0.1579999988079071, 0.1579999988079071, 0.17599999916553496, 0.16800000023841857, 0.17599999916553496, 0.17599999916553496, 0.1579999988079071, 0.16800000023841857, 0.1579999988079071, 0.17599999916553496, 0.1579999988079071, 0.1579999988079071, 0.16800000023841857, 0.16200000077486038, 0.1579999988079071, 0.1579999988079071, 0.16800000023841857, 0.16800000023841857, 0.17599999916553496, 0.16800000023841857, 0.1579999988079071, 0.17599999916553496, 0.16800000023841857, 0.17599999916553496, 0.16800000023841857, 0.17599999916553496, 0.1579999988079071, 0.16800000023841857, 0.17599999916553496, 0.17599999916553496, 0.16800000023841857, 0.1579999988079071, 0.16800000023841857, 0.17599999916553496, 0.1579999988079071, 0.17599999916553496, 0.1579999988079071, 0.17599999916553496, 0.17599999916553496, 0.17599999916553496, 0.17599999916553496, 0.1579999988079071, 0.17599999916553496, 0.16800000023841857, 0.17599999916553496, 0.17599999916553496, 0.16800000023841857, 0.16800000023841857, 0.17599999916553496, 0.1579999988079071, 0.16800000023841857, 0.17599999916553496, 0.17599999916553496, 0.1579999988079071, 0.17599999916553496, 0.17599999916553496, 0.16800000023841857, 0.1579999988079071, 0.16800000023841857, 0.1579999988079071, 0.16800000023841857, 0.17599999916553496, 0.17599999916553496, 0.1579999988079071, 0.17599999916553496, 0.1579999988079071, 0.1579999988079071, 0.16800000023841857, 0.17599999916553496, 0.1579999988079071], "val_loss": [3.647324403762817, 2.2676619358062746, 1.9607116985321045, 1.8869609756469727, 1.8459487819671632, 1.8533992023468018, 1.8265437307357788, 1.8150908346176147, 1.82113805103302, 1.8260737800598144, 1.8078558931350708, 1.8080928497314452, 1.8012557582855224, 1.8001057472229003, 1.8015279321670532, 1.8006860733032226, 1.7985112285614013, 1.7988812837600707, 1.800067561149597, 1.8423989009857178, 1.8029102869033813, 1.797222038269043, 1.7970196962356568, 1.7964024257659912, 1.7966130390167236, 1.7963909969329834, 1.797594349861145, 1.7987457914352416, 1.7987612915039062, 1.7987749633789063, 1.795881576538086, 1.7975817823410034, 1.7967193984985352, 1.797285400390625, 1.797770224571228, 1.7972310485839844, 1.7955932722091674, 1.7962855167388916, 1.8005464744567872, 1.7939255504608154, 1.7969008274078369, 1.7992077140808105, 1.7985322427749635, 1.797144907951355, 1.801104058265686, 1.7976068029403687, 1.7996020231246947, 1.7947267589569091, 1.7965457382202148, 1.7989487218856812, 1.7950001754760743, 1.8011813659667968, 1.7964559936523437, 1.7998452529907227, 1.7974260416030883, 1.795155318260193, 1.7951101274490358, 1.796958857536316, 1.795352731704712, 1.7962713737487792, 1.7958947982788085, 1.7948754997253418, 1.7968718433380126, 1.7945550422668457, 1.796580979347229, 1.7957097072601318, 1.798066475868225, 1.793241452217102, 1.7940426540374756, 1.7953144245147705, 1.7939388093948365, 1.7962645702362061, 1.7932905826568604, 1.7981428737640381, 1.7975383615493774, 1.7964280014038085, 1.795145555496216, 1.7945191679000854, 1.7962140512466431, 1.7992473106384277, 1.7939234447479249, 1.7993516244888306, 1.7951642093658446, 1.7940070695877075, 1.7948245306015014, 1.7984412059783936, 1.796437931060791, 1.7937263431549073, 1.7953827028274536, 1.794829176902771, 1.7954312582015992, 1.7947613859176637, 1.7953195600509644, 1.7960687971115112, 1.7948628234863282, 1.7941730937957763, 1.7944176721572875, 1.79538716506958, 1.794796152114868, 1.7949420623779297], "loss": [6.764277460098267, 2.993282593375758, 2.188271421281915, 1.989682221061305, 1.897694282883092, 1.856921779582375, 1.8574441163916338, 1.840785087685836, 1.829436844474391, 1.9044225641049837, 1.8201534931283248, 1.814048451022098, 1.8093332566713032, 1.8077705673920481, 1.8099148683547974, 1.8070563291750457, 1.8063575524781879, 1.8114837024588335, 1.805908605224208, 1.8193954184180812, 1.8128793143222206, 1.8022541229348434, 1.8035872869491578, 1.8016030267414294, 1.8016202222924484, 1.8056875039150841, 1.8044793317694412, 1.8080230146709242, 1.801896026059201, 1.8039086335834704, 1.8013097576342132, 1.8041064646871467, 1.802156183393378, 1.8007725956565455, 1.8012075616435002, 1.8029885088268078, 1.8022058866400468, 1.7995011711120605, 1.8036422083001389, 1.7990723242006803, 1.801440555974057, 1.7996061444533498, 1.7985271639572946, 1.7999959944674844, 1.8008946758571425, 1.8023425680963616, 1.7994583144438894, 1.8010767888520893, 1.800807163439299, 1.7989642233597605, 1.7985038597207321, 1.7997701011958875, 1.8039389676545796, 1.8002156399676674, 1.8022869840923108, 1.8001080370953209, 1.7977568073272705, 1.802094862787347, 1.7966304405613949, 1.7969720003730372, 1.8004487215343274, 1.7966498325247513, 1.7996167916247718, 1.7983325101952803, 1.7960196028759605, 1.797181923213758, 1.800024725211294, 1.7971090739400764, 1.795146382683202, 1.7968826257806074, 1.797056380071138, 1.797675268725345, 1.7960998086427387, 1.7980525269257395, 1.798982750089545, 1.7969843949769673, 1.7997304083673578, 1.796065042696501, 1.7984340893594841, 1.7970003462841637, 1.7965252429058678, 1.7947147744831287, 1.7979541424701089, 1.794378600722865, 1.7951603910546554, 1.7938682389008371, 1.7960590728458605, 1.7947530179776643, 1.79423916721344, 1.7962190441834298, 1.7943547307566592, 1.7944869333568372, 1.7944013131292242, 1.7963362273166055, 1.7958191586544638, 1.7941498258992246, 1.7944990651983963, 1.7933204360761141, 1.794595809484783, 1.7965466172569677],